,id,title,group,review
0,90, The Eagle Has Landed, Book,4.057555784242097
1,1372, Che in Africa: Che Guevara's Congo Diary, Book,4.188981045454716
2,1382, The Darwin Awards II : Unnatural Selection, Book,3.898115975323822
3,253, Celtic Glory, Music,4.70423460350975
4,671, Sublte Aromatherapy, Book,3.9652854871059002
5,240, Clathrate Hydrates of Natural Gases (Chemical Industries), Book,3.9984728362766915
6,1813, Rock & Roll Music to the World, Music,4.475342984988354
7,1197, Adult Health Case Studies, Book,4.149704006187954
8,1105," The Secret Teachings of All Ages : An Encyclopedic Outline of Masonic, Hermetic, Qabbalistic, and Rosicrucian Symbolical Philosophy", Book,4.187409251113743
9,2460, Music of the Oriental Jews from North Africa Yemen, Music,4.5623955272576655
10,928, Cabin III: The Unlawful Assembly at Winding Ridge (Cabin), Book,4.2206667282673385
11,1345," Chicken Soup for the Golfer's Soul: Stories of Insight, Inspiration and Laughter on the Links (Chicken Soup Series)", Book,4.3301538086257345
12,1843," Facilitative Leader, The: Behaviors that Enable Success", Book,4.0222368527795584
13,2637, Dog Food, Book,4.1298632175052665
14,2000, Design Considerations of Time in Fuzzy Systems (APPLIED OPTIMIZATION Volume 35) (Applied Optimization), Book,4.0826560141299835
15,657," Techno Trax, Vol. 1", Music,4.332286555593784
16,2652, Howling V: The Rebirth, Video,3.534154591354123
17,459, The Civil War Collection, Book,4.033009104974062
18,1837, Rodale's Book of Practical Formulas, Book,4.0040400765072475
19,601, The Training and Hiring of Journalists: (Communication and Information Science), Book,3.690130112365064
20,423, The Drowned and the Saved, Book,3.5607131656466997
21,2543, Blind Descent: : An Anna Pigeon Mystery (Anna Pigeon Mysteries (Paperback)), Book,4.191946895079368
22,2539, Benchley's Best, Book,4.215464463222431
23,385," Garden Fun: Indoors & Out, in Pots & Small Spots (Quick Starts for Kids!)", Book,3.633519013170937
24,1373, Inimitables, Music,4.641393806372971
25,2294, CDMA Capacity and Quality Optimization (Telecom Engineering), Book,4.212694392367984
26,1348, Zen Seeds: Reflections of a Female Priest, Book,4.165908624422342
27,903, Appalachian Blues, Music,4.259452135187411
28,1920, We'll Soon Find Out, Music,4.700861474149042
29,1052," The Best of Operetta, Vol. 3", Music,4.439861954309456
30,2555, Bone Marrow Nei Kung: Taoist Ways to Improve Your Health by Rejuvenating Your Bone Marrow and Blood, Book,4.138900860971372
31,1872, Extreme Chan Action Pack (First Strike/Mr. Nice Guy/Rumble in the Truck/Rescue Vehicle), Video,4.355929037192814
32,2615, Got the Groove [Germany], Music,4.540277310326891
33,2397, Becoming Intercultural : An Integrative Theory of Communication and Cross-Cultural Adaptation, Book,4.170165816883746
34,2668, Subterranea: the Concert, Music,4.299995460703296
35,1555, Tolstoy: A Biography, Book,3.972184588503377
36,1006, Waldorf Schools: Kindergarten to Early Years, Book,3.8741517306536988
37,1807," Among the King's Soldiers (Spirit of Appalachia, 3)", Book,4.028184102444891
38,2109," ISO 9000 Documentation Toolkit: 1994 Revised ISO 9001 Standard, The (Bk/Disk)", Book,4.212989110496544
39,2155, Pooh's Basket of Surprises (Jellybean Books), Book,4.211964714202297
40,1281, Ride, DVD,3.952172199408463
41,1408," Ptolemy's ""Almagest""", Book,4.152886867142926
42,2396, Hydropolitics in the Third World: Conflict and Cooperation in International River Basins, Book,4.182457611519262
43,1601, Integrated Learning for ERP Success: A Learning Requirements Planning Approach, Book,3.8785109797884916
44,40, Renovations: A Father and Son Rebuild a House and Rediscover Each Other, Book,3.643239916468629
45,1452," Luftwaffe Vs. Raf: Flying Clothing of the Air War, 1939-45 (Schiffer Military/Aviation History)", Book,4.155120186246465
46,726, France, Video,3.891619872939552
47,1425," Workbook in Spanish First Year (2nd Ed., R 44 W)", Book,4.088299283690737
48,2319, In the Time of the Butterflies, Book,3.8447999651366342
49,1005, Second Helpings from Union Square Cafe: 160 New Recipes from New York's Favorite Restaurant, Book,3.6083180483431714
50,2003, New Insights in Modern Astrology, Book,4.095147240152131
51,1108, Anthroposophy and Astrology : The Astronomical Letters of Elizabeth Vreede, Book,3.8573037434026336
52,2043," Michelin THE GREEN GUIDE New York-New Jersey-Pennsylvania, 2e", Book,4.169093779650002
53,1926, Abba's Child: The Cry of the Heart for Intimate Belonging, Book,4.19037211280579
54,761, Marilyn-Her Life in Her Own Words: Marilyn Monroe's Revealing Last Words and Photographs, Book,3.9800795785127
55,170, Lafayette, Book,4.161244973304519
56,677, Ben Hogan's Five Lessons : The Modern Fundamentals of Golf, Book,4.018684835391774
57,2386, The Price of Passion (Avon Romance), Book,4.131650966250363
58,163, Messages to Our Family, Book,4.075989728773866
59,1045," The Best of Operetta, Vol. 2", Music,4.5867878871033545
60,443, Faith and Justification (Studies in Dogmatics), Book,3.9615883894065336
61,1959, Living in Spanglish: The Search for Latino Identity in America, Book,4.115108558155185
62,180, Barney: Sing and Dance with Barney, Video,4.10754716339073
63,429, Colour Meditations, Book,2.5763560215347785
64,157, What about Spiritual Warfare?, Book,3.922207375270996
65,2378, Following God: Learning Life Principles from the New Testament Men of Faith (Following God Series), Book,4.158689250850591
66,1973, Transportation, Book,4.259055219787518
67,2020," The Minority Report and Other Classic Stories (Dick, Philip K. Short Stories.)", Book,4.130004197907193
68,1931, Applied Blood Group Serology, Book,4.007116819458066
69,14, Later..., Music,4.379853874310312
70,2004, Twinnings, Music,4.663200442002408
71,95," The Heavy Flak Guns, 1933-1945: 88Mm, 105Mm, 128Mm, 150Mm, and Ballistic Directional Equipment", Book,2.4828358464023337
72,638, Songs Without Words, Music,4.232262572805636
73,929," Beeswax: Production, Harvesting, Processing and Products", Book,4.249958502948588
74,119," Black Friday (Soul Survivor Series, Bk. 4)", Book,4.011666806107253
75,1962, Five Days in July, Music,4.496023384139128
76,2404, The Secret of Gumbo Grove, Book,3.5496945672737317
77,36, Uists & Barra (Pevensey Island guides), Book,3.80475970714196
78,52, Secrets of Gypsy Love Magick (Llewellyn's New Age Series), Book,3.863239062322907
79,4, Life Application Bible Commentary: 1 and 2 Timothy and Titus, Book,3.8034839044354287
80,1884," Current Procedural Terminology: CPT 2001 (Standard Edition, Spiral-Bound Version)", Book,4.141214346093472
81,267, Unwinnable Wars: American Power and Ethnic Conflict, Book,3.8296317362520447
82,888, Bedlam, Music,4.646552017683969
83,705," Look Out, Jack! the Giant Is Back", Book,4.171438685148171
84,1720, Rabbi Abraham Ibn Ezra: Studies in the Writings of a Twelfth-Century Jewish Polymath (Harvard Judaic Texts and Studies), Book,4.011342947158585
85,398, Cobra: Original Motion Picture Soundtrack (1986 Film), Music,4.252489353930199
86,2588, 7, Music,4.49453476654693
87,384, Jewish History in 100 Nutshells, Book,3.5460909493632875
88,551, Vince Lombardi Video Football Card, Video,4.202958523842785
89,746, Faith in the Face of Apostasy: The Gospel According to Elijah and Elisha (The Gospel According to the Old Testament), Book,4.113852459500816
90,996, No One Can Hear You, DVD,3.6511045119633296
91,1497, How to Finance a Growing Business: An Insider's Guide to Negotiating the Capital Markets, Book,4.379160717614788
92,2411, Every Eye Beholds You: A World Treasury of Prayer, Book,3.7573069036364095
93,334, Getting Ready for Marriage Workbook : How to Really Get to Know the Person You're Going to Marry, Book,3.8795091527888004
94,2353, Simulation and Chaotic Behavior of A-stable Stochastic Processes (Pure and Applied Mathematics (Marcel Dekker)), Book,4.290387697166902
95,2165, Profiting from Emerging Market Stocks, Book,4.113718736398491
96,1013," An Introduction to Programming with Visual Basic.NET, Fifth Edition", Book,4.075812671460645
97,2367, Smart Business Solutions: Direct Marketing and Customer Management, Book,3.9788678250655543
98,511," Verdi - Il Trovatore / Levine, Milnes, Marton, Pavarotti, Metropolitan Opera", DVD,4.114917688355588
99,758, Washed Up and Through the Ringer, Music,4.408465817286068
100,1965, Inner Speed Secrets Mental Strategies to Maximize Your Racing Performance: Strategies to Maximize Your Racing Performance, Book,3.9837868107654177
101,1118, Where Is Thumbkin?, Music,4.17093720129758
102,1081, Desperation, Book,4.182594602030977
103,1749, Rain of a Thousand Flames, Music,4.330933464004856
104,2104, Mimi's Tutu, Book,4.155404069787094
105,2593, The Irish Enchantress (Zebra Historical Romance S.), Book,4.1669021174766545
106,1133, Angola:  Promises and Lies, Book,4.197219701816813
107,1941, Incantations magiques syriaques., Book,4.23588415864412
108,298, Tower for the Summer Heat, Book,4.133944452874852
109,1852, M. Hulot's Holiday - Criterion Collection, DVD,3.770096739105922
110,1793, Vivaldi - Gloria · Magnificat / Concerto Italiano · Rinaldo Alessandrini [+ Bonus CD · Catalogue 2000], Music,4.52479411794764
111,2012, The MAGIC YEARS, Book,3.9814552714420026
112,2401," God's Diet : A Short and Simple Way to Eat Naturally, Lose Weight, and Live a Healthier Life", Book,4.197355467103836
113,2304, Looking for Cassandra Jane, Book,4.019682087519064
114,408, Christmas at Boots' Place, Music,4.520260424569251
115,2623, Time and Tide, Music,4.388121059053014
116,1, Patterns of Preaching: A Sermon Sampler, Book,4.3513899729705985
117,1038, Highly Available Storage for Windows Servers, Book,4.144657492712926
118,1877, Jim Church's Essential Guide to Composition : A Simplified Approach to Taking Better Underwater Pictures, Book,3.8255576230610027
119,826, How Is Jesus Different from Other Religious Leaders? (Examine the Evidence), Book,4.217025903422271
120,1253, Why Be a Mediocre Christian, Book,4.15641498400271
121,1306, About a Boy (Movie Tie-In), Book,4.012607657086941
122,695, The Healing Labyrinth: Finding Your Path to Inner Peace, Book,4.104951203877788
123,451, Memories of Lafayette, Book,3.8309099335186234
124,2541, Poets of the Great War, Book,4.108466312599919
125,1898, Coaching Ymca Champions Flag Football, Book,4.218646403412014
126,1142, The Lives of the Holy Prophets, Book,4.051095648829805
127,704, Thunder From the Clear Sky, Book,4.119707324124297
128,1037, The Last Temptation: A Novel, Book,4.147303734120424
129,1914, Random House Webster's Student Notebook Writers' Guide, Book,3.872751500432729
130,383, Live At Gilley's, Music,3.682109371894629
131,2423," Much Depends on Dinner: The Extraordinary History and Mythology, Allure and Obsessions, Perils and Taboos, of an Ordinary Meal", Book,4.112961570857584
132,1773," Continuous Quality Improvement in Health Care: Theory, Implementation, and Applications", Book,3.999343077015309
133,430, LabVIEW for Data Acquisition, Book,4.030249185931519
134,2263, War and Peace : BBC (BBC Radio Presents), Book,3.8483960973252582
135,1632, Pocket Companion to Obstetrics: Normal & Problem Pregnancies, Book,3.948272229593166
136,2587, Love and Responsibility, Book,4.13340222659439
137,1516, Best of Albertina Walker, Music,4.505150941514717
138,790," The Machine at Work: Technology, Work, and Organization", Book,4.17059083492862
139,592, Buster's Diaries : The True Story of a Dog and His Man, Book,4.061754193600251
140,1043," The Best of Operetta, Vol. 1", Music,4.316483933979593
141,228, Hollywood Agents & Managers Directory (Hollywood Representation Directory), Book,3.68506891736898
142,641, Perfect Fit, Music,4.3888140562041915
143,2473, Flowermouth, Music,4.3244794210954804
144,1479, Corazones, Music,4.388086587330636
145,2672, Schubert: Solo Piano Works, Music,4.299995460703296
146,971, I Maccabees (Anchor Bible), Book,4.171324619644204
147,2089, Diabolis Interium, Music,4.437169469584502
148,1055," Haynes Chrysler LHS Concorde, 300M, Dodge Intrepid 1998-2001 Repair Manual", Book,4.2464631451838954
149,2281, Differences Between Bible Versions, Book,3.8531000659206276
150,1942, Understanding Children and Adolescents (4th Edition), Book,4.194458309116869
151,702, Just The Faq*s About The Bible, Book,3.8030172749272464
152,1815, Advertising (Lucent Overview Series), Book,4.197117051472939
153,1676, Smiddyburn / Flittin, Music,4.562378008709516
154,1669, The Ark, Book,4.118051542754779
155,2182, Romans in a New World: Classical Models in Sixteenth-Century Spanish America, Book,4.059890900440087
156,595, Masada, Music,4.236483659897575
157,1485, Ven Conmigo, Music,4.441115249992895
158,1672, The Evolution of Culture in Animals, Book,4.189920933024448
159,2418, Papa Was a Boy in Gray, Book,4.139757774205326
160,763, Nana, Book,4.086773691380269
161,1570, Babylon 5: Walkabout (TV Series Episode), Music,4.482801002474161
162,184, Physicians of the Soul: The Psychologies of the World's Greatest Spiritual Leaders, Book,3.9750558508829226
163,1644, The Shaping of a Life : A Spiritual Landscape, Book,3.89312525070508
164,2522, Base Ten Activities (30110), Book,4.007184419285635
165,1875, Motherlove (Sharing Nature With Children Book), Book,3.95914307422558
166,817, Moses Goes to A Concert, Book,3.9975886557839106
167,1913, The Champion, Book,3.9718767885524495
168,935, Down Ass Chick/Smokin' and Ridin', Music,4.19333399140906
169,1092, She, Music,4.748361625987856
170,2556," Specters of Marx: The State of the Debt, the Work of Mourning, and the New International", Book,4.079405111159282
171,2497, Ithanalin's Restoration (Ethshar), Book,4.005833948930066
172,578, By the Light of the Moon, Book,4.161178050984082
173,1591, Charlie Chan - The Chinese Cat, Video,4.621894936770195
174,2002, Heavenly Answers to Earthly Questions: Simple Lessons for a Life Worth Living, Book,4.174027254123353
175,2456, Paintball! : Strategies & Tactics, Book,4.017393590773585
176,1927," Periodicity and the S- And P-Block Elements (Oxford Chemistry Primers, 51)", Book,4.140401259177812
177,1162, Relationship Pain: Why We Get Hurt and What to Do About It, Book,4.177987454558295
178,2600, I Will Be Here, Book,4.1069897424629715
179,2312, Ready-to-Use Trades and Services Silhouettes (Clip Art), Book,4.139889478183336
180,759, Tiger Man, Music,4.171100995532431
181,1447, How to Make Love Six Nights a Week, Book,4.171225110971079
182,2207," Business Law: Ethical, International and E-Commerce Environment (4th Edition)", Book,4.0696864832247455
183,2166," Mama, Do You Love Me?", Book,4.095354121167829
184,1908, Strauss:The Magic of Vienna, DVD,3.894260407224771
185,989, Oh What a Lovely War (Methuen Modern Play), Book,3.7717338241241998
186,1135, Copycat Marketing 101: How to Copycat Your Way to Wealth, Book,4.070493139129077
187,2023, Powerboating: A Woman's Guide, Book,4.055500909755945
188,1397, Restless Breed, Music,4.625134020421147
189,1126, Hands, Music,4.479522117597288
190,1492, DK Nature Encyclopedia, Book,4.160100245280798
191,1784, End of Time: A Meditation on the Philosophy of History, Book,4.019929549772711
192,615, Testifyin'!: Live at the Village Vanguard, Music,4.222389672147427
193,1868, Detour : My Bipolar Road Trip in 4-D, Book,3.7964362803292686
194,338, The Crossbow Murder, Book,4.059227679166611
195,1792, Bienvenido a Casa, Music,4.791895022043727
196,1187, It All Begins with a Date: Jewish Concerns about Intermarriage : Jewish Concerns about Intermarriage, Book,4.113845146278399
197,684," Path of Daggers (The Wheel of Time, 8)", Book,4.180286542506246
198,686, Soundstage: The Andy Kaufman Show, DVD,3.7047227923428943
199,2413, Catherine McAuley and the Tradition of Mercy, Book,3.8150744831343393
200,1788," Before the Wilderness: Environmental Management by Native Californians (Ballena Press Anthropological Papers, No. 40)", Book,4.089659521239825
201,1157, Subterranean Jungle, Music,4.629120660781586
202,2005, Life Out of Death: The Feminine Spirit in El Salvador, Book,4.176786695158599
203,1096, Walkabout (1971 Film), Music,4.469159252608435
204,2626," White Light, Third Edition", Book,4.1938076658468635
205,1049, Devil Hunter Yohko Collection 1, DVD,4.3829394991174535
206,2402, The Seasons of a Woman's Life, Book,4.176176818557051
207,2117, Electronic Warfare in the Information Age, Book,4.1660240598346086
208,2244, Bagpipes & Brass, Music,4.220500737987035
209,1718, Hungry, Music,4.5411582945388735
210,1798, Ultimate Sticker Book : Animal (The Ultimate Sticker Book), Book,4.243747673204903
211,1511, The Boss, Music,4.424262258156672
212,1583, The Yes Album [Bonus Tracks], Music,4.673801922869146
213,378, Time and the Verb: A Guide to Tense and Aspect, Book,4.019175371307961
214,1683, Weird Al Yankovic - Live, DVD,3.656721671663197
215,140, Power & Greed: A Short History of the World, Book,4.2526691306532545
216,24," The Casebook of Sherlock Holmes, Volume 2 (Casebook of Sherlock Holmes)", Book,3.563564274672082
217,1002, Family Nurse Practitioner: Certification Review (Family Nurse Practitioner Certification Review), Book,4.245263868889484
218,2058, McNally's Alibi: An Archy McNally Novel (Archy McNally Novels), Book,4.2846796681201464
219,1379, Alif Baa: Introduction to Arabic Letters and Sounds, Book,4.035523814107589
220,2669," In Focus Guatemala: A Guide to the People, Politics and Culture", Book,4.6997847079758
221,2065, The Tightwad Gazette III: Promoting Thrift as a Viable Alternative Lifestyle, Book,4.1355947016471335
222,404, Charm School, Book,4.22194413223861
223,963, Convergent Architecture: Building Model Driven J2EE Systems with UML, Book,4.169150636866062
224,1473, The Camphor Flame, Book,4.271647191609434
225,453, Made in Japan, Music,4.206787305260518
226,1680," Experiences in Movement with Music, Activities, and Theory", Book,4.138586317847265
227,335, Beyond the Twin Deficits: A Trade Strategy for the 1990s, Book,4.00399261550408
228,1853, Kipper's Sunny Day: [Lift the Flap], Book,4.2566649112658785
229,1432, The Triathlete's Training Diary for Dummies, Book,4.150228323990707
230,1674, Best of: Original Hits V.2, Music,4.547620162725045
231,1085," Working Beneath the Surface: Attending to the Soul's ""Hidden Agenda"" for Wholeness, Fulfillment, and Deep Spiritual Healing", Book,4.105093147136376
232,2552," The Everything Ghost Book: Spooky Stories of Haunted Houses, Phantom Spirits, Unexplained Mysteries, and More (Everything Series)", Book,3.9334085606812734
233,894, The Abacus : The World's First Computer System (Includes a Working Abacus), Book,3.924017121178239
234,1580, Tiny Bites: A Guide to Gastric Surgery for the Morbidly Obese, Book,4.221704959910165
235,1237," The Elephant in the Dark : Christianity, Islam and the Sufis", Book,4.227070612119339
236,1833, Danish: An Essential Grammar (Routledge Grammars), Book,4.0767008867315235
237,363, Danzig III: How the Gods Kill, Music,4.179787570534272
238,2647," Being America : Liberty, Commerce, and Violence in an American World", Book,4.249502782424429
239,1615, Dragon Ball Z - Babidi - Rivals, DVD,3.6995443256060168
240,227, Lush Mechanique, Music,4.247262731823582
241,303, The Vision, Book,2.98014350965123
242,110, Casanova in Bohemia : A Novel, Book,4.084126308521423
243,807, Lacan and Language: A Reader's Guide to Ecrits, Book,4.036605642788007
244,1168, Blade Runner: Orchestral Adaptation Of Music Composed For The Motion Picture By Vangelis, Music,4.6889822074863385
245,2572, Death of the Church, Book,4.208452621162535
246,2606," New Testament Apocrypha, Gospels and Related Writings", Book,4.204972265071411
247,1642, A Hint of Heather (Seduction Romance), Book,4.164779719008467
248,1937, Final Blackout, Book,4.209144972194496
249,2629, Chinese Houses and Gardens, Book,4.1958515065031445
250,1199, Sunlight On The Lawn (Beverley Nichols Trilogy Book 3), Book,4.26778986279192
251,288, Unnatural Causes, Book,3.798014444011924
252,1061, Producing Vegetable Crops (5th Edition), Book,4.260750027983157
253,2114, Voices of the Doumbek, Video,3.8154617784613736
254,472, Teachers' Messages for Report Cards: English-Spanish Edition, Book,3.9751705717805215
255,2235, Second Exodus, Book,4.037484211024773
256,886, Decorative Mini Murals You Can Paint, Book,4.123776869531874
257,1255," Now, Pt. 1", Music,3.9672380864086314
258,2196, Lethal Weapon 3, DVD,4.1553253282230775
259,2038, Fletch, DVD,4.0244805270409065
260,42, Pixote, DVD,4.31157910836429
261,2033, Netsuke: Fantasy and Reality in Japanese Miniature Sculpture, Book,4.143758768802694
262,766, Essex Boys, Video,4.109209984008316
263,284, Brazil, Book,3.4864700040512218
264,930, Verdun, Music,4.302103773122887
265,1781, I Am Water (soy El Agua) Level 1 (Hello Reader), Book,4.100438068930703
266,1354, Bruce Lee's Fighting Method, Video,4.2798257596972045
267,1082, Mulch Ado About Nothing : A Jane Jeffry Mystery (Jane Jeffry Mysteries (Paperback)), Book,4.18920123777825
268,1856, The Scarlet Empress - Criterion Collection, DVD,3.7608863942504565
269,1598, Greatest Hits, Music,4.147278140483748
270,698, On Becoming a Novelist, Book,4.036882854187115
271,1602, Buzz & Flutter's Big Electronic Game Book : Big Electronic Game Books (Readers Digest Young Families), Book,4.168793150573157
272,2158, Julian's Cell: The Earthy Story of Julian of Norwich, Book,3.8855533350050897
273,2455, Second Hand Smoke, Book,4.221949875340955
274,1808," Currency Derivatives : Pricing Theory, Exotic Options, and Hedging Applications (Wiley Series in Financial Engineering)", Book,4.06751957175606
275,559, The Archaeology of Ancient Israel, Book,3.9052169032924144
276,1971, Quest: The Ultimate Sourcebook for Next to Nothing Adventure Travel, Book,4.167227162632919
277,2384," Women, Family and Society in Medieval Europe: Historical Essays, 1978-1991", Book,4.141397101145696
278,2636," Chrismons, They Point to Jesus", Book,4.219099595698507
279,290," The Best of Famous Monsters of Filmland, Vol. #1", Book,3.170429104556746
280,1810, Laura's Album: A Remembrance Scrapbook of Laura Ingalls Wilder, Book,4.221104105483465
281,2508, Encounters in Ethnomusicology: A Memoir (Detroit Monographs in Musicology), Book,4.118116954422258
282,2453, Wisconsin, Book,4.202610101877446
283,21, The Time Machine, DVD,3.9307711662823017
284,362, What's Your Name, Music,4.383326014832199
285,2407, Code Of Silence : The Andre Coppage Story, Book,4.065645824280576
286,690, The MAN WHO ONCE WAS WHIZZER WHITE : A PORTRAIT OF JUSTICE BYRON R WHITE, Book,4.061454054274917
287,1433, Robin and Lucienne Day: Pioneers of Modern Design, Book,4.179246240503302
288,1659, Fundamentals of Engineering Thermodynamics Appendices, Book,4.080858377615308
289,158, John Wayne 2 Pack (The Man from Utah / The Star Packer / Sagebrush Trail / Riders of Destiny), DVD,3.828157888834144
290,321, What Happens After I Die?: Jewish Views of Life After Death, Book,4.143340437711188
291,167, Total Immersion, Book,3.267032056648506
292,732," Education for Values: Morals, Ethics and Citizenship in Contemporary Teaching", Book,3.894198932871821
293,371, Application of Chaos Theory to Psychological Models, Book,3.904200579479341
294,1947, A New Vision for Israel: The Teachings of Jesus in National Context (Studying the Historical Jesus), Book,4.289886975247118
295,2099, Chemistry for Dummies, Book,4.152872062122854
296,1018, Ruder Than You: Best of British Ska, Music,4.295342444175304
297,1831, Hanging On to Max, Book,4.160964147793317
298,952, The Rules of Silence, Book,3.8461600796922326
299,2284," Traetta - Antigona / Bayo, Panzarella, Allemano, Polverelli, Ragon, Les talens lyriques, Rousset", Music,4.540159137283015
300,769, The Yellow Room, Music,4.273480793227475
301,1074, Scherzos (Music Scores), Book,3.9729349956159705
302,9, Making Bread: The Taste of Traditional Home-Baking, Book,2.7656688538247227
303,509, Flavors of St. Augustine: An Historic Cookbook, Book,3.8555524664182994
304,300, Kaleidoscope (Doodle Art Super Tubes), Book,4.163145950546065
305,1023, Grayson's Diseases of the Cornea, Book,3.9855868012071576
306,883, Dixie Carter's Unworkout, Video,4.157723320185713
307,1022, Bringing in a New Era in Character Education, Book,4.264831079843392
308,2631, X Raisons, Music,4.184608310319685
309,727, Teresa of Avila : The Progress of a Soul, Book,4.142246889452801
310,261, The Harvard Design School Guide to Shopping / Harvard Design School Project on the City 2, Book,4.103607316288759
311,1860, Fieras Lunaticas, Music,4.554070606958216
312,156, Parrot Heads in Paradise, Video,3.844572339075057
313,603, Everyones Sleepy, Book,3.745596070394411
314,2145, Duino Elegies : A Bilingual Edition, Book,3.9997761955106257
315,35, Burnt Toast on Davenport Street, Book,3.5416178923099126
316,1895, Beauty and the Beast Stickers (Dover Little Activity Books), Book,4.154470319077268
317,179, Africa Screams/Jack & The Bean, DVD,3.656974401239734
318,1564, Thug Disease [Lovin' Paper Music], Music,4.643845443897841
319,1996," Dragon Ball, Vol. 10", Book,3.8104803935537594
320,741, Chicken Soup for the Teenage Soul Journal (Chicken Soup for the Soul), Book,4.233882667655013
321,2236, Plains, Music,4.643131010510228
322,890, Tab in the Ocean, Music,4.537542117791688
323,2175, Coldheart Canyon: A Hollywood Ghost Story, Book,3.9572577152156767
324,2379, Bruce Chatwin : A Biography, Book,3.993327396675876
325,596, American Patriot, Music,4.236483659897575
326,1574, A Playdate With Death (Mommy-Track Mysteries (Hardcover)), Book,4.216547725252341
327,2063, Gunfight at the O.K. Corral, Book,4.1355947016471335
328,2618, Surprise!, Book,4.172559080100972
329,1494, The Signed English Starter (The Signed English Series), Book,4.184384661668438
330,1621, I Love Lucy - Season One (Vol. 4), DVD,3.8884473614220787
331,502, Musicology and Difference: Gender and Sexuality in Music Scholarship, Book,4.061894469983228
332,588, Southern Slavery: As It Was, Book,3.7442642231997207
333,1359," Specter of the Past (Star Wars: The Hand of Thrawn, Book One)", Book,3.6711695364242733
334,2462, The Practical Gardener's Encyclopedia, Book,4.181947931135211
335,865, My Wife Doesn't Cook (A Survival Guide For Men), Book,4.1976179322225535
336,2347, King's Christmas Collection, Music,4.681710983083402
337,6, How the Other Half Lives: Studies Among the Tenements of New York, Book,2.589658794886643
338,2132, Art for Dummies, Book,4.099323772547178
339,545, The Helix Factor II : The Implementer's Edition, Book,4.067344753682064
340,1772," Looking Out, Looking In", Book,3.999343077015309
341,1754," Boarders Away, Volume II: Firearms of the Age of Fighting Sail", Book,4.090070713048372
342,2650, The Calling: Celebrating Sarah Vaughan, Music,4.299995460703296
343,1257, The Sinatra Files : The Secret FBI Dossier, Book,4.071576817513289
344,1910," The Complete Illustrated Guide to Woodworking - Three Volume Set: The Complete Illustrated Guide to Shaping Wood, The Complete Illustrated Guide to Furniture and Cabinet Construction, and The Complete Illustrated Guide to Joinery", Book,4.199609989012291
345,1091, Human Measure: Social Thought in the Western Legal Tradition, Book,4.051711516394921
346,941," Will I [US CD/12""]", Music,4.276226224401919
347,73, The Perfect Plan (7th Heaven), Book,4.06746267533948
348,663, Los Angeles Wedding Planner, Book,4.089953031674441
349,2007, Heart of Darkness: With the Congo Diary (Penguin Classics), Book,4.219125612699521
350,194, Viva La Monkeysuit, Book,3.4335572832765915
351,2232, Steve Wariner, Music,4.436293214038057
352,465, Awake and Breathe, Music,4.337160524954267
353,887," Pak Proxy War: A Story of ISI, bin Laden and Kargil", Book,3.8324262679216305
354,421, Japanese Designs (Dover Pictorial Archive Series), Book,3.952644523338076
355,1069, Best of Shari Lewis' Lamb Chop & Friends, Video,4.267560799543633
356,1357, David's Story: A Book About Surgery (Meeting the Challenge), Book,4.197160742871795
357,1462, Best Easy Day Hikes Grand Teton, Book,3.75903699146126
358,2320, Making Music with Your Computer 2E, Book,4.009219622304483
359,1370, Architects' Data, Book,4.12362537898241
360,2094, Madonna (Pop Culture Legends), Book,4.040007837189268
361,832, Magick Stamp Kit, Book,3.810490460735345
362,610, Calli's Outlaw, Book,4.106526108323797
363,2433, Gourmet Paris 2002, Book,4.062635126587582
364,1594, Lorenzo 1997: L'Albero, Music,4.347934084593845
365,854, The Fearless Executive, Book,3.910975450319597
366,64, A Charlie Brown Christmas, Book,3.9959461258158355
367,659," Identity, Vol. 2", Music,4.127168287998209
368,1189, Eye Spy Colors (Peephole Books) (Peephole Books (Charlesbridge)), Book,4.146370916580589
369,1821, Hemingway's Quarrel With Androgyny, Book,4.048619925428881
370,1799, Ipsis Quest, Music,4.412783412230159
371,352, Motown Party, Music,4.551614307767598
372,1608, Rag & Bone Buffet, Music,4.352188518139449
373,51, Out on the Edge: A Wake-Up Call for Church Leaders on the Edge of the Media Reformation, Book,3.9752232839769452
374,1657, Two Tenors & Qantara: Historic Live Recording of Arabic Masters, Music,4.182824504909418
375,2261, Biblia Del Diario Vivir, Book,4.002055424749111
376,1244," ""The Times"" Book of Quotations", Book,3.822064421586567
377,2544, Rich Man's Coffin, Book,4.3595918683934185
378,2332, Hula Workout for Weight Loss, Video,4.20910209003638
379,1362, An Italian in America, Book,4.059024482508575
380,1109, Introducing Camus (Introducing...(Totem)), Book,4.081109155721356
381,1129, Rick Springfield - Greatest Hits...Alive, Music,4.362037340033075
382,1729, Cahiers de Droit Fiscal International:Form and Substance in Tax Law (Cahiers De Droit Fiscal International), Book,4.240070629327241
383,1735, Tornadoes, Book,4.217413216866075
384,885, Insights of Genius: Imagery and Creativity in Science and Art, Book,3.790095522640551
385,576, Society: The Basics, Book,4.221560948823557
386,897, Recycled, Music,4.233588481243698
387,1185, One Sleepy Baby (Growing Tree), Book,3.9387292078056757
388,244, Phonics Pathways, Book,3.5807840659895502
389,1032, German Medieval Armies 1000-1300 (Men-at-Arms Series), Book,3.8380080731530626
390,1499, Creative Dance for All Ages: A Conceptual Approach, Book,4.176926006427879
391,293, Riddle, Music,4.178498975945294
392,2457, The Devil's Lane: Sex and Race in the Early South, Book,4.210674755612884
393,2598, Pulsed Neural Networks (Bradford Books), Book,4.2464676668351915
394,1984, Advanced Microprocessors, Book,4.138063030664598
395,1630, Fear No Evil (St. Martin's True Crime Library), Book,4.011529519175271
396,1302, MWSS : Object-Oriented Design in Java (Mitchell Waite Signature Series), Book,4.168452440163557
397,1136," You Are That! Satsang With Gangaji, Volume 2 (You Are That!)", Book,4.257671654420921
398,67, Picture Me With My Friend Jesus: Girl Version (Picture Me), Book,4.00975228527578
399,1267, Back Stage, DVD,3.9400350861769478
400,905, Yudo: Korean Judo, Video,4.627014415719482
401,172, Cherokee Bat and the Goat Guys (Weetzie Bat), Book,3.9708603979069967
402,2291, Let's Wiggle, Music,4.455674665558305
403,391," The Gospel of Peace, According to Guru Granth Sahib", Book,4.084581020656212
404,1060, Future of the Disabled in Liberal Society: An Ethical Analysis (Revisions), Book,4.132139448093575
405,1901," Verdi - Otello / Domingo, Studer, Leiferkus, Vargas, D. Graves, Schade, D'Arcangelo, Chung", Music,4.662795353153457
406,1879, Deadbeat at Dawn (Special Edition), DVD,3.974338321921451
407,1907, Great Works For Harp, Music,4.311323888584633
408,532, Evangelism And Missions, Book,4.203574295575259
409,2338, Pete Moulton's A+ Training Course: A Digital Seminar on CD-ROM (2nd Edition), Book,4.175241866335648
410,2072, 15 Grandes Exitos de Nicola Di Bari en Espanol, Music,4.505217531033214
411,1530, Punktown, Book,4.16763299943713
412,92, Black No More : A Novel (Modern Library (Paperback)), Book,3.9217992626344196
413,986, Little Miss Dynamite [Bear Family], Music,4.549686709385833
414,101, Separation Of Power, Book,4.1423798685867785
415,318, Take Me Out to the Ballpark: A Baseball Watcher's Guide to the Game, Book,4.100060798221882
416,2521, Easter Crack-Ups: Knock-Knock Jokes Funny-Side Up (Lift-the-Flap Knock-Knock Book), Book,3.974875473379614
417,1496, Live for Now, Music,4.5152658310541645
418,1935, celtic groove brand, Music,4.132341895319855
419,740, The Long Life Cookbook : Delectable Recipes for Two (Long Life Book), Book,4.168976745219372
420,939, Titanic, Video,4.418029775292174
421,313, Diversity: The Invention of A Concept, Book,3.9800352493303235
422,2517, Sound of a Miracle: A Childs Triumph over Autism, Book,3.859455461902828
423,1946," Chojun Miyagi Goju Ryu Karate Do Body, Mind & Spirit", DVD,4.000518877735356
424,1236, The Failure of Presidential Democracy : The Case of Latin America (Failure of Presidential Democracy), Book,4.127820450636956
425,2199, Nato's Air War for Kosovo: A Strategic and Operational Assessment (Project Air Force Series on Operation Allied Force), Book,3.9558369586597104
426,2432," The Church We Believe in: One, Holy, Catholic, and Apostolic", Book,4.335480193841243
427,614," Building Machines (Pamphlet Architecture, No 12)", Book,4.137040310626634
428,1167, Timeless Sound, Music,4.651983462024929
429,896, An Intellectual History of Psychology, Book,4.156533545358683
430,1893, Dvorak: Symphonies Nos. 7-9; Smetana: The Moldau, Music,4.779023229679921
431,1770, Amethyst Rock Star, Music,4.486770757592419
432,367, Fresh Meat, Music,4.430152813020579
433,1599, The Compact History of the Catholic Church, Book,4.2046680375529375
434,1296, Mosaics: Design Sourcebook (Design Sourcebooks), Book,3.8263543466052217
435,2352, How Democracy Will Elect the Antichrist, Book,4.09227072158957
436,2448, Financial Success : Harnessing the Power of Creative Thought, Book,3.843796358858759
437,136," Understanding Islam: An Introduction to the Muslim World, Third Revised and Updated Edition", Book,3.938435072382987
438,2613, Classics for a Sunday Morning, Music,4.349596085614335
439,2414, The Legend of Freedom Hill, Book,3.853034361495135
440,2056, Body and Soul [Bonus Tracks], Music,4.589740107462255
441,626, Real-World Readings in Art Education: Things Your Professor Never Told You (Garland Reference Library of Social Science), Book,4.076434464598984
442,611, Berlitz China (Berlitz Pocket Guides), Book,3.961800312276954
443,178, They Walked With Jesus: Past Life Experience With Christ, Book,3.8538292932481664
444,1062, Car Insurance Secrets, Book,4.026525110854625
445,1800, Light House, Book,4.039288257903753
446,1171, Eighty Great Natural Shade Garden Plants (Ken Druse's Natural Garden Guides), Book,3.726431604523395
447,750, Emotions and Fieldwork (Qualitative Research Methods), Book,4.160367652613867
448,27, The Columbia Anthology of Gay Literature, Book,4.059428159687454
449,640, New Haven Negroes: A Social History, Book,3.98754436670043
450,948, Impurity, Music,4.483166320628535
451,1541, From Inquiry to Argument, Book,3.923616061709991
452,703, Semiconductor Sensors, Book,4.02660016126944
453,49, Murder She Wrote, Music,4.340410058207313
454,1824, Modern Psychotherapies: A Comprehensive Christian Appraisal, Book,4.092169162828155
455,2568," Choose Florida For Retirement, 2nd Edition (Choose retirement)", Book,4.071254644704203
456,819, Stalker, DVD,3.8731794320956188
457,2083, The Sandor Ferenczi-Georg Groddeck Correspondence 1921-1933, Book,4.088745219168087
458,968, J.M.W. Turner, Book,4.101373745678136
459,1675, Tex Mex 101, Book,4.172157990870137
460,2092, All About Love/Magnificent Obsession, Music,4.496353435245722
461,84, The Best of Schoolhouse Rock! - 30th Anniversary Edition, Video,4.04103228635824
462,2049, Tango Magic, Video,4.178344563898477
463,1351, Serie 2 Em 1 V.1, Music,4.4578556062378025
464,419, Your Cosmic Kids: Using Astrology to Understand Your Children, Book,4.108038649716338
465,2017, The Very Best of Sting and the Police, Book,4.274139686682487
466,1565, Billy Joel - The Essential Video Collection, DVD,3.7105241738558785
467,700, On Ethics and Economics, Book,4.174937669001003
468,474, A Simple Path, Book,4.20065285024091
469,1986, Turnagain Ptarmigan! Where Did You Go?, Book,3.9279433264162558
470,1212, Classics in Group Psychotherapy, Book,4.278648267368896
471,1465, Life Without Guilt: Healing Through Past Life Regression, Book,4.181279879377788
472,2, Candlemas: Feast of Flames, Book,4.269509740714094
473,2395, Lady for a Night, Video,3.887435738449943
474,8, Losing Matt Shepard, Book,3.996014777983298
475,1119, Cars Trucks & Trains, Music,4.458306393426151
476,835, Gospel in Esther, Book,3.9979661991526996
477,1186, Uniting Church and Home Conference Album, Book,4.018859166728181
478,1597, Rhythm of the Ocean, Music,4.2360229113849215
479,406, The Taoist Experience: An Anthology (S U N Y Series in Chinese Philosophy and Culture), Book,4.112963597664692
480,392, Elementary Number Theory (Student's Solution Manual), Book,3.9382335827257497
481,2547, The Art of Spiritual Guidance, Book,4.352572326408081
482,343, Term Sheets & Valuations - A Line by Line Look at the Intricacies of Venture Capital Term Sheets & Valuations (Bigwig Briefs), Book,4.2641554605441305
483,72, Power of Flowers: An Archetypal Journey Through Nature, Book,3.795175315447574
484,541, Forgetting Whose We Are: Alzheimer's Disease and the Love of God, Book,3.527758404049577
485,448, Making Change Happen : Practical Planning for School Leaders, Book,3.7203969007238697
486,1254, Invisible Harmony: Essays on Contemplation and Responsibility, Book,4.174500652047634
487,2197, MCSA/MCSE 2000: Windows 2000 Professional (70-210) PASS-IT Exam Preparation, Book,4.154407954744691
488,2098, Oxford Dictionary of English Etymology, Book,3.8308351677068306
489,1202, The Martian Chronicles, Book,3.9340063367767617
490,2247, Fibonacci's Liber Abaci, Book,4.212625783578726
491,1890, Breath from Another, Music,4.631507699132272
492,924, Witness: Systematic Theology (Systematic Theology (Abingdon)), Book,4.174369452736969
493,2537, Raising Kids to Love Jesus: A Biblical Guide for Parents, Book,4.105212791192976
494,129, Cpt 2003: Current Procedural Terminology (Cpt / Current Procedural Terminology (Standard Edition)), Book,4.163184431966073
495,1491, Cujo, DVD,3.919066896876362
496,2429, Advanced Financial Accounting, Book,4.18429042468571
497,483, Stardust, Music,4.48367770619843
498,2640, The Interfacers, Book,4.216354958916935
499,1421, Human Personality and Its Survival of Bodily Death (Studies in Consciousness), Book,4.183112731415004
500,1110, The Amethyst Heart, Book,4.0865274693927365
501,115, Growing Millionaire Kids, Book,3.9968471497306735
502,975, Secret Service Agent/Uniformed (Passbooks for Career Opportunities), Book,4.187841193920026
503,2254, Wars of Watergate: The Last Crisis of Richard Nixon, Book,4.112342179210621
504,631, The Essential Baking Cookbook (The Essential Series), Book,3.7263360254853515
505,2271, Breakthrough, Book,4.004197508603877
506,977, Architecture for Education: New School Designs from the Chicago Competition, Book,4.211024283088533
507,2177, Dog Training in 10 Minutes (Howell Reference Books), Book,4.0485710024784884
508,1004, The Best of Keola and Kapono Beamer, Music,4.061828605046799
509,1346, A Country Doctor (Bantam Classic), Book,4.23196818775152
510,836, Serpieri the Sweet Smell of Woman, Book,3.8157935299836403
511,2134, Tennis: Olympic Handbook of Sports Medicine, Book,3.9594585067300696
512,1738, KJV Large Print Text Edition Hardback (Authorized King James Version), Book,4.148316369454256
513,1374, Darkness Descends, Music,4.330413150532921
514,2241, How to Prepare for the Advanced Placement Exam Physics B (Barron's How to Prepare for the Advanced Placement Examination. Physics B), Book,4.005524798088557
515,1573, Fragile [Bonus Tracks], Music,4.65477593870241
516,678, Policy on Geometric Design of Highways and Streets 2001, Book,3.9217103851875503
517,689, Labour and Locality: Uneven Development and the Rural Labour Process (Critical Perspectives on Rural Change Series IV), Book,4.123192984427463
518,810," Ev'Ry Time I Feel the Spirit: 101 Best-Loved Psalms, Gospel Hymns, and Spiritual Songs of the African-American Church", Book,3.958522422466924
519,987, PCMCIA Software Developer's Handbook, Book,3.5894967810704563
520,1246," Uses of the Other: ""The East"" in European Identity Formation (Borderlines)", Book,4.070951462189287
521,1934, New Millennium Hip-Hop Party, Music,4.563560580629989
522,602, Countdown to Extinction, Music,4.349983159560566
523,1956, GRE Prep Course (with Software), Book,4.207877988713705
524,424, Andrea Palladio 1508-1580: Architect Between the Renaissance and Baroque (Big Series), Book,3.5875650628135203
525,108, General Ophthalmology, Book,4.2226627168451465
526,282, Son of the Mob (Son of the Mob (Hardcover)), Book,4.101749204546039
527,2217, Dear God: Prayers for Families With Children, Book,4.206438898216003
528,411, Rachel's Song, Music,4.306949368945017
529,676, In The Big Band Mood, Music,4.094547092924545
530,1330, Is He Gay? : For Every Woman Who's Met the Ideal Man and is Wondering...Why Hasn't he Tried to Kiss Me?, Book,4.170333618057629
531,2062, He Reigns/Thrive, Music,4.464584930698917
532,1321, Christmas Cats and Dogs: Quilts to Celebrate the Season (That Patchwork Place), Book,4.038021240660432
533,1961, Down Time: Great Writers on Diving, Book,4.067608553687052
534,1377, Irrationality: Why We Don't Think Straight!, Book,4.0221918778304415
535,2535, The Glass Menagerie CD, Book,3.968312617567865
536,873, Justinian's Institutes: A Parallel Text and Transaltion, Book,4.139532326711155
537,2421, Killing Blow:  Errand of Vengeance Book Two (Star Trek The Original Series), Book,4.171524283141846
538,909, Bridges of Song-Music of the Spanish Jews of Morocco, Music,4.2510217166241775
539,360, Danzig II: Lucifuge, Music,4.59480160292486
540,1194," Monteverdi - L'Incoronazione di Poppea / Jacobs, Concerto Koln", DVD,3.7374937429117807
541,2645, Robert Oppenheimer: Letters and Recollections (Stanford Nuclear Age Series), Book,3.99328308623151
542,2579," Twisters! (Step-Into-Reading, Step 3)", Book,4.162612022693955
543,1277, Intimate Loving: Seduction For Lovers, Video,4.324265196711012
544,1999, Bullets Over Broadway: Music From The Motion Picture, Music,4.421289289150955
545,2601, Toujours moi, Music,4.43406063955624
546,1467, Food Combining Cookbook, Book,4.254047695249972
547,707, Woodlands in Cross Stitch (Cross Stitch Ser), Book,4.268809218230224
548,1628, Top-Down Network Design, Book,3.9024481494719003
549,242, Wire Fox Terrier: A Complete and Reliable Handbook (Rx-100), Book,4.083210644694469
550,617," So, Who Do You Think You Are?: Face Your Wounds, Heal Them, and Change Your Life", Book,4.266517904948629
551,667, Atlas of Approaches for General Surgery of the Dog and Cat, Book,4.207221375483761
552,1655," Latin Oldies, Vol. 4", Music,4.697465261958942
553,2325, The Consultant's Big Book of Organization Development Tools : 50 Reproducible Intervention Tools to Help Solve Your Clients' Problems, Book,4.115286181051993
554,627, Prophecies of the Bible, Book,4.0500602149655265
555,1595, The Disciplined Online Investor, Book,4.028947356539038
556,420," Doomed Planet (Mission Earth, Vol 10)", Book,4.135872617116006
557,2234, After Dark, Book,4.037148412100173
558,317, Roadside (2001 Off-Broadway Cast), Music,4.195810629418448
559,2009, Crippled Giant: Nigeria Since Independence, Book,3.761655292648601
560,2374, Oppenheim Toy Portfolio Baby & Toddler Play Book (Second Edition) (Oppenheim Toy Portfolio Baby & Toddler Play Book), Book,3.8832120072446394
561,345, Corrections in America: An Introduction (9th Edition), Book,4.068396866429077
562,1319, Diana Ross [1970] [Bonus Tracks], Music,4.498036918284245
563,301," Slowing Down to the Speed of Life: How To Create A More Peaceful, Simpler Life From the Inside Out", Book,3.7996694437070286
564,1992, Joni Mitchell: Painting with Words and Music, Video,4.157423677198479
565,1900, The Boy in the Burning House, Book,4.22276935791118
566,1554," Lake Street, U.S.A.", Book,4.157248163905683
567,1881," Bad Girl's Three-Book Set: Bad Girl's Guide to the Open Road, Bad Girl's Guide to Getting What You Want, Bad Girl's Guide to the Party Life", Book,3.8800253499819854
568,1653, Graveyard Shift, DVD,3.9987102017319933
569,911, Care of the Soul: A Guide for Cultivating Depth and Sacredness in Everyday Life, Book,4.0824947206351085
570,1618, Dead Heart, Video,3.9128905426724283
571,1273, Earth Wind & Fire - Live, DVD,3.7702078093376876
572,2532, Atlas Shrugged, Book,4.158340140113231
573,422, Mercedes (2-Volumes in 1 Book), Book,3.85664576785412
574,2307, The Epistles to the Thessalonians: A Commentary on the Greek Text (New International Greek Testament Commentary), Book,4.1412325015308316
575,1514, Design Modeling with Pro/ENGINEER (Release 2001), Book,4.1295402218693305
576,2611, Study of History (Study of History), Book,3.9636805966154265
577,857," Radio Science Observing, Vol. 2", Book,4.143354985277155
578,1279, Biology: Principles and Explorations, Book,4.146611674990898
579,50, Still Life, Music,4.239755445736582
580,1228," Custer, Black Kettle, and the Fight on the Washita", Book,4.149880913513823
581,60," Renaissance Music: Music in Western Europe, 1400-1600 (Norton Introduction to Music History)", Book,3.889720236833885
582,645," Chinese Country Antiques: Vernacular Furniture and Accessories, C. 1780-1920", Book,4.251302780618742
583,1535, Verdi - Stiffelio / Carreras · Sass · Manuguerra · Ganzarolli · ORF Symphony Orchestra and Chorus Vienna · Gardelli, Music,4.493686484764934
584,1629, A Handbook of World Trade, Book,4.158605478173633
585,1311, Beyond Prozac : Antidotes for Modern Times, Book,4.295958100716705
586,1864, A Traveller's History of Australia (The Traveller's History Series), Book,4.0866288474368595
587,2116, Powerplay (NC-17), Video,4.195981876016698
588,2592, The Letter of James (Pillar New Testament Commentary), Book,4.1677960403338545
589,754, The Five Heartbeats, Video,3.3326577830038877
590,229, Bob Newhart - Button Down Concert - Off the Record, Video,4.340028135155571
591,1983," WTO Disputes: Anti-Dumping, Subsidies & Safeguards", Book,4.1565916927121735
592,1139, Believing in Jesus: A Popular Overview of the Catholic Faith, Book,4.243700196399019
593,1415, Christmas at the Pops [RCA], Music,4.6511046913778875
594,493, Procedures for Primary Care Providers, Book,4.197107223318832
595,1243," Japanese Schooling: Patterns of Socialization, Equality, and Political Control", Book,3.7684246526954754
596,2333, Committed, Music,4.657945310784081
597,1095, The Golden Chance, Book,3.822417202196204
598,2447, Victorian Dwellings for Village and Country (1885) (Dover Books on Architecture), Book,4.163992328318622
599,605, Dark Specter (Vintage Crime/Black Lizard), Book,3.6503524678658055
600,1323, Twice Pardoned, Book,3.9977799023826837
601,2608, Christmas in Morning After: Celebration in Brass, Music,4.647673709894833
602,2057, Java Connector Architecture: Building Enterprise Adaptors, Book,4.3618358064731115
603,1658, Brands in the Balance: Meeting the Challenges to Commercial Identity, Book,4.076505749593452
604,649, Cowboy Bebop - Session 2, DVD,3.9505561186438443
605,2646, Arab-Israeli Air Wars 1947-1982 (Osprey Combat Aircraft 23), Book,4.205586778876143
606,675, Generation Xercise! Debra Minghi's Cardio DJ Club Workout, Video,4.22277482054811
607,1066, Public Life in Renaissance Florence (Cornell Paperbacks), Book,4.148852259575761
608,1863, Witness Guide for Deposition or Court, Book,4.0659185948253835
609,1137, Born in the U.S.A.: Bruce Springsteen and the American Tradition, Book,4.100039629611948
610,1356, The Power of Silence: Social and Pragmatic Perspectives (Language and Language Behavior), Book,4.1774659294320875
611,2322, Forensic Engineering Investigation, Book,4.24980771679708
612,68, Experiencing and the Creation of Meaning: A Philosophical and Psychological Approach to the Subjective (Studies in Phenomenology and Existential Philosophy), Book,4.162340336465916
613,1885," Beethoven: Symphonies Nos. 1, 2, 4, 5", Music,4.35233329348665
614,1172, Another Page, Music,4.32097724780121
615,1692, Paris to the Moon, Book,4.235641958240941
616,1417, Tomatoes from Mars, Book,4.181833134317472
617,2633, Handbook of Electrostatic Processes, Book,4.165562576607592
618,1192, Teradata Users Guide: The Ultimate Companion, Book,3.8102967744338163
619,1523, Introductory Econometrics: A Modern Approach, Book,4.106382196400416
620,564, Do Re Mi (1999 Broadway Revival Cast), Music,4.461007121211699
621,2257, Del Amanecer, Music,4.2269749216195365
622,1072, Tiger on the Brink: Jiang Zemin and China's New Elite, Book,3.9632462985354673
623,1224," How to Make Smart Decisions About Training: Save Money, Time, & Frustration", Book,4.055624635300068
624,1134, How Many? (Photoflaps), Book,4.166665801460204
625,2356, Highly parallel computing (The Benjamin/Cummings series in computer science and engineering), Book,4.095315438930049
626,186," Too Loud, Too Bright, Too Fast, Too Tight:  What to Do If You Are Sensory Defensive in an Overstimulating World", Book,3.802744328294439
627,881, The Legend of Pfizer, Book,3.574028197760032
628,1280, Alias Boona, Music,4.204745826258897
629,2518, Order of the Leech, Music,4.482625425640528
630,1391, Working in the Dark: Reflections of a Poet of the Barrio, Book,4.031026022075618
631,319, Cowboy, Music,4.170533553489123
632,861, Karen Voight - Energy Sprint, Video,4.182978607228184
633,1003, Finding Your Voice : Learning to Lead . . . Anywhere You Want to Make a Difference, Book,3.6731329446558423
634,295, Inventing Criminology: Essays on the Rise of Homo Criminalis (S U N Y Series in Deviance and Social Control), Book,4.056184107452457
635,907, Face2Face with babies, Video,4.393255885379941
636,573, One Flew Over the Cuckoo's Nest, Book,4.238945289524793
637,1314," Men and Popular Music in Algeria: The Social Significance of Rai (Modern Middle East Series (Austin, Tex.), No. 20.)", Book,4.07366330453894
638,1123," Slang and Euphemism: A Dictionary of Oaths, Curses, Insults, Ethnic Slurs, Sexual Slang and Metaphor, Drug Talk, College Lingo, and Related Matters (Signet Reference)", Book,3.897185008385398
639,2162, The Kitchen Idea Book (Idea Book), Book,4.272237136211602
640,2245," The Spanish Redemption: Heritage, Power, and Loss on New Mexico's Upper Rio Grande", Book,4.333121872124288
641,1412, Holiness : Rabbinic Judaism in the Graeco-Roman World (Religion in the First Christian Centuries), Book,3.9403306479540086
642,2216, The Four Books on Architecture, Book,4.126166890920546
643,198, Imitation of Christ, Book,3.6490730015455144
644,2435," Communication for Business and the Professions, 7th edition", Book,4.194136468732634
645,786, Freedom's Lawmakers: A Directory of Black Officeholders During Reconstruction, Book,3.7983943944372087
646,2022," Essential Fatty Acids in Health & Disease : Using the Essential Fats w3 and w6 to Improve Your Health, Lower Your Cholesterol, and Prevent Cardiovascular Disease", Book,4.119977576337276
647,2293," In Good Company: The Fast Track from the Corporate World to Poverty, Chastity, and Obedience", Book,4.192972510724753
648,85, Amamantar Sencillo y Puro, Book,4.259831415824328
649,1309, Freddy's Nightmares: Freddy's Tricks and Treats, Video,3.996432881532816
650,1360, An Introduction to the Theory of Numbers, Book,4.24562116286106
651,639," Modern Oral Amdo Tibetan: A Language Primer (Studies in Linguistics and Semiotics, 5)", Book,3.9746820373143095
652,1995, Handbook of Bond Dissociation Energies in Organic Compounds, Book,3.8104803935537594
653,1420, Swords of the Legion (Videssos Cycle), Book,4.211605354703462
654,682, Mystery Science Theater 3000 - The Brain That Wouldn't Die, DVD,3.7699994916833592
655,354, Clarissa and the Countryman Sally Forth, Book,3.9274313184328267
656,1850, The Case of the Cheerleading Camp Mystery (The New Adventures of Mary-Kate & Ashley #17), Book,4.181126769285272
657,1611, Purification of the Mind; Discourses by Abdul Qadir Gilani, Book,3.572902799734013
658,485, Nova's Ark, Book,4.080234961377649
659,1392, Mellow Gold [CLEAN VERSION], Music,4.617373871750069
660,1329, Miracle of Marriage, Book,4.123136638795963
661,246, One More Night, Music,4.34536586271941
662,827, Faith in a Mustard Seed, Book,4.107621270770421
663,1787, Black Stallion and Satan (Black Stallion Series), Book,4.1712433387844925
664,2634, Paul McCartney Paintings, Book,4.174722073008428
665,2410, Fundamentals of Mathematics for Health Careers (Health Occupations Series), Book,3.7019447345919514
666,1046, The Three Armadillies Tuff, Book,3.6678488005799568
667,2405," States, Nations and Nationalism: From the Middle Ages to the Present (Making of Europe)", Book,3.466570593202508
668,2323," A+ Exam Cram 2 (Exam Cram 220-221, Exam Cram 220-222)", Book,3.834998752128627
669,1087, Peterson's Two-Year Colleges 2003/Four-Year Colleges 2003 (Peterson's Annual Guides to Undergraduate Study), Book,4.111431448207661
670,1446, Secret Obake Casebook, Book,4.1533921221883565
671,359, Best of Smooth Jazz, Music,4.349807491433088
672,2205, Functional Genomics: A Practical Approach (Practical Approach Series), Book,4.207116747045206
673,616, The Best of Fattburger, Music,4.466229238580357
674,1070, I Believe [Single], Music,4.273766207645601
675,1899, The Stations of the Cross With Pope John Paul II, Book,3.7760736224294194
676,2129, The Drive, Video,4.379247182438328
677,181, Legacy: The Search for Ancient Cultures, Book,3.7257359919433943
678,1290, Oxford Textbook of Psychopathology, Book,4.0995757753455155
679,2176, Homeopathy: Science or Myth?, Book,3.9777109858050212
680,264," How to Get Filthy, Stinking Rich and Still Have Time for Great Sex! :  An Entrepreneur's Guide to Wealth and Happiness", Book,3.926843330967578
681,1176, Sacramental Guidelines: A Companion to the New Catechism for Religious Educators, Book,4.18787499508363
682,2237, The Promised Land (Modern Library Classics), Book,4.156338733739729
683,2186, James Taylor: Long Ago and Far Away, Book,4.225393119837975
684,634," The Classic Dolci of the Italian Jews, A World of Jewish Desserts", Book,3.795372999598687
685,508, Business Start-up Handbook, Book,3.8555524664182994
686,984, Into the Widening World: International Coming-Of-Age Stories, Book,4.128674128124685
687,1229, Beethoven & Brahms: Violin Concertos, Music,4.302949805472939
688,2273, The Soldier's Load and the Mobility of a Nation, Book,3.971017792010023
689,1063," Indian Idea of Political Resistance: Aurobindo, Tilak, Gandhi, and Ambedkar", Book,4.197534976941484
690,1065, Eleanor of Aquitaine : A Life, Book,4.200047243657014
691,942, Even Now [Beemark], Music,4.473555875501397
692,202, The Go Go Dogs, Book,3.815101382367083
693,706, A New Owners Guide to Cavalier King Charles Spaniels (New Owner's Guide To...), Book,4.033413062436969
694,1730, Lessons from Privilege: The American Prep School Tradition, Book,4.240070629327241
695,1140, Christmas Joy, Music,4.264048145179957
696,1829, Introductory Java for Scientists and Engineers, Book,3.7492064008942827
697,489, German : 2nd Ed. (Basic), Book,4.000111629213283
698,556, Simply Grand, Music,4.300752710993821
699,892, Fighting For Honor : Japanese Americans and World War II, Book,4.096551549584725
700,2016, Bridges, Music,4.665061103908807
701,1395, In Utero [Clean], Music,4.576653339645883
702,99, An Employee's Guide to Stock Options, Book,4.1802085760224585
703,2336, Forever, Music,4.160242257412773
704,2504, As Time Goes By, Music,4.266207471585889
705,547, The SECRET OF THE BULLS, Book,4.1238794610352905
706,2616, Bill Evans - 19 Arrangements for Solo Piano, Book,4.202000898192015
707,2071, Top Percussion, Music,4.593211805679006
708,2570, Looking for St. Tropez, Music,4.482542054440966
709,515, Jazz Steppin', Music,4.5105241554831945
710,1542, Big Book of Pocket Knives: Identification & Values (Big Book of Pocket Knives), Book,3.9670610379956885
711,1993," Parodias Neo Politicas, Vol. 1", Music,4.49960370846272
712,2087, Sin Killer, Book,3.9065032508500095
713,752," Schubert, Haydn: Piano Trios; Mozart: Piano Quartet, K. 493", Music,4.160099727744709
714,635, The Bear: An American Folk Song, Book,4.3642665738244855
715,606, Glory for Sale: Inside the Browns' Move to Baltimore & the New NFL, Book,3.9645803134167332
716,575, Queen's Own Fool : A Novel of Mary Queen of Scots, Book,4.165154972714194
717,2389, Joy and Healing, Book,3.662281590203596
718,822, The Satanic Verses, Book,4.164957022420927
719,1733," A Call to Conscience : The Landmark Speeches of Dr. Martin Luther King, Jr.", Book,4.148978159283452
720,1577, Are Dragons Real?, Book,4.115193552472584
721,2251, Ocular Surface Disease: Medical and Surgical Management, Book,4.234452131901291
722,825, The Faith Factor : Proof of the Healing Power of Prayer, Book,4.038400057001088
723,2566, Sin: Radical Evil in Soul and Society, Book,4.038110756204981
724,1353," The Duel for France, 1944: The Men and Battles That Changed the Fate of Europe", Book,3.955776769842853
725,520, Chet Baker Quartet Featuring Russ Freeman, Music,4.568683530506518
726,974, Soca Stampede: Ultimate Trinidad 1999 Hits, Music,4.439406836209597
727,1989, Laughter in the Dark (New Directions Paperbook), Book,4.156443505053004
728,2118, The Warren Court and the Pursuit of Justice, Book,4.232693807513878
729,1685, Fold Real Money into Real Cool Origami (Klutz Guides), Book,3.7933638704488284
730,882, Which Lie Did I Tell? : More Adventures in the Screen Trade, Book,4.0118461811227695
731,1536," Living Pictures, Missing Persons : Mannequins, Museums, and Modernity", Book,4.254282826365874
732,1179, Temptation Eyes, Music,4.4498660325697
733,1847, Media and Democracy in Africa, Book,4.232579504920688
734,1242, Florida's Fabulous Trail Guide (Recreation Series), Book,3.6661839553926066
735,691, Your Amazing Newborn (A Merloyd Lawrence Book), Book,4.36529853393659
736,1954, The Joy of Pi, Book,4.118715837454907
737,320, Intimate Worlds, Book,4.097344254051453
738,2028," Nikola Tesla - Lectures, Patents, Articles", Book,4.179968812903633
739,2605, The Mystery of the Lost Village (Boxcar Children Mysteries), Book,4.162633831294373
740,1616, Arabian Nights, DVD,3.682849143930394
741,932, Soulshaping: Taking Care of Your Spiritual Life Through Godly Disciplines, Book,4.1982096433860185
742,2567, Project Orion: The True Story of the Atomic Spaceship, Book,4.038110756204981
743,2144, Biochemistry Problem Book, Book,4.188300458526202
744,2317, Buddy Buddy, Video,4.295661747727486
745,330, Practical Skywatching (Nature Companion Series), Book,3.696303738908493
746,1513, Diana, Music,4.438712920135128
747,1363, High School Hazing: When Rites Become Wrongs (Single Title: Teen), Book,4.226595206343337
748,2394, Ten Lectures on the Interface Between Analytic Number Theory and Harmonic Analysis (Cbms Regional Conference Series in Mathematics), Book,4.269196869061416
749,1322, Going to Go-Go / Away We Go-Go, Music,4.226796530614384
750,396," Botany in a Day:  Thomas J. Elpel's Herbal Field Guide to Plant Families, 4th Ed.", Book,4.11942787744336
751,222, The World's Easiest Guide to Using the MLA : A User-Friendly Manual for Formatting Research Papers According to the Modern Language Association Style Guide, Book,4.096222612378636
752,1361, Dancing on Tisha B'av, Book,4.255600159032841
753,2583," The Sculptural Imagination: Figurative, Modernist, Minimalist", Book,4.1518239758496005
754,2064, Pamela's Second Season (Zebra Regency Romance), Book,4.1355947016471335
755,1660, Robert Louis Stevenson's St. Ives, DVD,4.01687808233443
756,1460, Evil Ascending/ Dark Conspiracy Series, Book,3.8911904616324646
757,118, The Magic School Bus At The Waterworks : (autobus Magico Viaja Por...) (Magic School Bus), Book,3.896214579510832
758,1141, Emmylou Harris - Queen of Alternative Country: Red Dirt Girl, Book,4.1167039999585935
759,415, How Can I Get Through To You?, Book,4.183695286901791
760,2554," Glamour and Turbulence: I Remember Pan Am, 1966-91", Book,4.01353230864607
761,2480, Shadrach Minkins: From Fugitive Slave to Citizen, Book,4.198076432634813
762,437, Sterile Pharmaceutical Packaging: Compatibility and Stability: Technical Report 5, Book,4.002443004491521
763,901, Royal Courts of the Ancient Maya: Volume 2: Case Studies, Book,3.8990697569478128
764,554, Trance States in Tongues, Music,4.433230927146082
765,375, Accounting Procedures: The Recording Process-A Preparer's Perspective, Book,4.173617823110831
766,2223, Blues Mandolin Man: The Life and Music of Yank Rachell (American Made Music Series), Book,4.1201727431496415
767,1606, People Like Us, Music,4.596493052648322
768,265, Earth Power: Techniques of Natural Magic (Llewellyn's Practical Magick), Book,4.112051191573418
769,1532, No Nuts For Me, Book,4.113787116394299
770,249, Homeschooling for Excellence, Book,4.236693048413867
771,2445, Coastal Fish Identification: California to Alaska, Book,4.204254054720879
772,2202, Hiking Lassen Volcanic National Park, Book,4.154893380021401
773,22, Come What May, Music,4.08621649018639
774,133, Bloomfield Blues, Music,4.8066063016941625
775,1963, The Book of the Pomegranate: Moses de Leon's Sefer Ha-Rimmon, Book,3.788620652643505
776,1609, How to Find Your Perfect Golf Swing, Book,3.8231464356180647
777,1265, Breathing Under Water, Book,4.147962210715078
778,789, Sams Teach Yourself FreeBSD in 24 Hours, Book,4.237297921372748
779,1836, You Need Never Lose At Bridge, Book,3.955938764441864
780,2045, Garfield Gets a Life, Book,3.9563942018377305
781,1985, Nurturing Spirituality in Children: Simple Hands-On Activities, Book,4.130695904837414
782,829, Endangered Island Animals (The Endangered Animals Series), Book,4.161294777411933
783,1423, NC17, Music,4.545146970498564
784,1475, A Guide for Using Romeo and Juliet in the Classroom, Book,4.105780063864803
785,782, Ernest Hemingway - Wrestling With Life, Video,4.319455865892988
786,1600, A Green History of the World : The Environment and the Collapse of Great Civilizations, Book,4.178840912437352
787,797, Coast Redwood: A Natural and Cultural History, Book,3.4939733662306462
788,381, 100 Happy Naked New Yorkers, Book,3.933911052458257
789,2048, Hummers: Hummingbirds of North America (Pocket Nature Guides), Book,4.269438031129537
790,79, Today's Military Wife: Meeting the Challenges of Service Life (Today's Military Wife), Book,3.6702050714009977
791,2372, Gunsmith Cats: Misty's Run, Book,4.014009800389275
792,2358, Gold Rush Days (Hitty), Book,3.9500029528637746
793,1325, Fortunate, Music,4.2982823788586995
794,2534, Creative Paper Techniques for Scrapbooks: More Than 75 Fresh Paper Craft Ideas (Memory Makers), Book,4.1280630368732725
795,500, A-1 Photography Practice Set for Accounting, Book,3.9980516511966764
796,2074, A Trap to Catch Brer Rabbit, Book,3.7542634974885565
797,2316, High Performance Cluster Computing: Architectures and Systems, Book,3.9547571526945964
798,1214, An Anthology of Beowulf Criticism., Book,4.220372425699336
799,2513, Dead Heart, DVD,3.7421078452219927
800,275, Activity Schedules for Children With Autism: Teaching Independent Behavior (Topics in Autism), Book,3.809359849601857
801,1507, Meet the Temptations, Music,4.433997876121987
802,1774, The Depeche Mode Biography and Interview, Music,4.579964992346064
803,1121, Something, Music,4.533560784417543
804,1156, Counting Kisses, Book,4.194543803633317
805,1902," Standard Time, Vol.5: The Midnight Blues", Music,4.446696717135678
806,1238, Teaching Children How to Pray, Book,4.312033509978609
807,720, Just David (Whole-Hearted Family Classics Collection) (Whole-Hearted Family Classics Collection), Book,3.8683432283918933
808,1227, Psychoeducational Assessment of Preschool Children (3rd Edition), Book,4.24880134097796
809,1366, Traveling Light 2003 Block Calendar: Releasing the Burdens You Were Never Intended to Bear; The, Book,4.080918104438034
810,2482," The Saint, Set 4", DVD,3.7437337955381937
811,884, Randomized Algorithms (Cambridge International Series on Parallel Computation), Book,4.075643092255997
812,377, Systematic Design of CMOS Switched-Current Bandpass Sigma-Delta Modulators for Digital Communication Chips, Book,3.716549300923526
813,2454, The Mysterious Passover Visitors, Book,4.246184475071118
814,1762, Marker Rendering (Artist's Library Series/AL24), Book,4.062975659607903
815,1327, Addiction, Book,4.167471269894907
816,1517, Just Like Floss, Book,4.165837556993338
817,112, Official Microsoft Image Composer Book, Book,3.663861038756508
818,2502, Gaelic Voices, Music,4.489768028338829
819,878," Frommer's Adventure Guides--Central America, 1st Edition (Frommer Other)", Book,4.0903703020419915
820,747, China's Military Faces the Future (Studies on Contemporary China), Book,3.861121668643903
821,1193," Grandmothers Are Like Snowflakes...No Two Are Alike : Words of Wisdom, Gentle Advice, & Hilarious Observations", Book,3.8102967744338163
822,460, Improve Your People Skills, Book,4.084777628009006
823,841, Daily Math Practice : Grades 6+ (Daily Math Practice), Book,4.082151151853388
824,623," Junie B., First Grader: Cheater Pants (Junie B. Jones, 21)", Book,4.140880764019166
825,366, The Book of Secrets, Music,4.277090532843384
826,898, The National Geographic Traveler: Florida (National Geographic Traveler), Book,4.185865576644501
827,2526, Breaking Open the Word of God : Resources for Using the Lectionary for Catechesis in the RCIA (Cycle C), Book,4.071657170848994
828,2290, Let's Wiggle, Music,4.467514510352052
829,195," Sixteen Scandals: 20 Years of Sex, Lies and Other Habits of Our Great Leaders", Book,3.95353704281041
830,2292," We're in This Together, Pt. 3", Music,4.389306861160841
831,2173," Sobotta Atlas of Human Anatomy: English Text with English Nomenclature, Volume 2", Book,4.160441327562089
832,47, How to Kill a Monster (Goosebumps), Book,3.8916004369416393
833,818, The Sas Training Manual, Book,4.224464927140608
834,2376, Godsdog, Music,4.300988110839164
835,646, Hypnosis for Change, Book,4.130452114724049
836,34," Southern By the Grace of God: Lynyrd Skynyrd Tribute Tour, Vol. 1", Music,4.240755141956001
837,1198, Classic Wood Finishing, Book,4.204364827613704
838,2054, Flight of the Reindeer : The True Story of Santa Claus and his Christmas Mission, Book,4.172879763463181
839,340, Liszt (Master Musicians Series), Book,4.17433648189353
840,1809, Task Force Lone Bandit, Book,4.268770172842788
841,2272, How to Stir-Fry, Book,4.182637126558613
842,497, Chinese Herbal Secrets: The Key to Total Health, Book,4.180959943766233
843,2408," Champions in 3-D (Super Hero Role Playing, Stock No. 411)", Book,4.12769009698236
844,183, Funny Teddy Bear Stickers (Dover Little Activity Books), Book,3.69299153024196
845,2472, Hand Rhymes (Picture Puffins), Book,4.174361507841233
846,2140, Fritz Kreisler - Early Recordings, Music,4.5748330401851565
847,1549," The Total-Body Yoga Workout: Lower Body, Abs, and Upper Body Yoga for Beginners", DVD,3.8485248758594484
848,2201, Heartbeats: New Songs from Minnesota for the AIDS Quilt Songbook, Music,4.622512207791367
849,395, Leonard Bernstein (Getting to Know the World's Greatest Composers), Book,4.091081040153631
850,416, Merry Christmas from Doris Day & Dinah Shore, Music,4.430842487272235
851,436, Narrative of the Life of Frederick Douglass (Dover Thrift Editions), Book,3.82879969857891
852,1778, Complete GED Preparation (Complete GED Preparation) (Complete Ged Preparation), Book,4.1055002684372175
853,2218, Feeding the Picky Eater : America's Foremost Baby and Childcare Experts Answer the Most Frequently Asked Questions, Book,4.127853180484113
854,839, Pleasurecraft, DVD,3.9427104629002776
855,1911, Born into Trouble as the Sparks Fly Upward, Music,4.779184798732882
856,1218, The Denver JobBank (Adams JobBank), Book,4.376633695098163
857,1987, Capture the Moment: The Pulitzer Prize Photographs, Book,3.9199100566785883
858,32, Staff Meals from Chanterelle, Book,4.2546638201444065
859,2380, Training Methods That Work: A Handbook for Trainers, Book,4.0382732029904505
860,1211, Statistical Models and Methods for Lifetime Data (Wiley Series in Probability & Mathematical Statistics), Book,4.16012858763026
861,879, La Mujer de Mi Hermano, Book,4.052353217443762
862,2563, Beto Jamaica & Os Irmaos Jamaica: Ao Viv, Music,4.561448428103609
863,917, The Murder of JFK: Confession of an Assassin, Video,4.295513087895526
864,182," W.C. Fields, Vol. 1 & 2", DVD,4.091024495666782
865,1826, His Mother's Son, Book,4.195350318128558
866,2210, This Gum for Hire: A Chet Gecko Mystery, Book,4.0942075200812456
867,1572, Money for Nothing, Book,3.9407545148706298
868,2643, The Original Thai Cookbook, Book,4.08165053953293
869,926, Foxes of the Desert: The Story of the Afrikakorps (Luftwaffe Profile Series), Book,4.148740779002974
870,417, The Oxford English-Arabic Dictionary of Current Usage, Book,4.15714234532851
871,1435, The Islamic World, Book,4.21582595639476
872,2039," The Russian Revolution, 1917", Book,4.257397915344303
873,2658, Rising from the Flames: The Experience of the Severely Burned, Book,4.6997847079758
874,735, The Adventures of Brenda Bender: Bendable Wire Heroine, Book,3.8254934015234894
875,1804, India 1885-1947, Book,4.179490679132301
876,709, Club Revelation: A Novel, Book,3.717867218685739
877,871, E-Business Legal Handbook 2002, Book,4.203857499925042
878,2070, How to Stay Young and Healthy in a Toxic World, Book,4.2205665932155
879,94, The American Heritage Dictionary of Idioms, Book,2.602113953776875
880,580, Kenton in Hi-Fi, Music,4.171744892703208
881,1349," Three Complete Novels: Cold Fire, Hideaway, Key to Midnight", Book,4.149253205945532
882,388, National Geographic's Land of the Anaconda, Video,4.25434279366279
883,2082, All About Blue Crabs: And How to Catch Them, Book,4.199962075800452
884,2365, Principles of Finance (Dantes Series : No. 46), Book,3.8235163281656193
885,1607, Dark Descent, DVD,3.7478111263982656
886,1263, The Best American Mystery Stories 2001, Book,4.122795786978336
887,1916, Journey - Greatest Hits Live, Music,4.37638022413131
888,1396, Immunology at a Glance (At a Glance (Blackwell)), Book,4.154581394302428
889,795, Verdi: Attila, Music,4.48723721058084
890,1622, The 108 Skills of Natural Born Leaders, Book,3.7678529211768144
891,1317, Stairway to Heaven: Led Zeppelin Uncensored, Book,4.269781821414958
892,891, Journey to the Centre of the Eye, Music,4.515007286047932
893,1849, 111 Days to Zion, Book,4.263129724478837
894,263," Practical Survival Tips, Tricks, & Skills", Book,3.771440329339229
895,2507, The Bible Cure, Book,4.163414672220306
896,2133, The Cornea: Second Edition on CD-ROM (For Windows and Macintosh), Book,4.271290327965377
897,1562, Fun/No Fun, Book,4.179118543449975
898,2027, Practical Atlas for Bacterial Identification, Book,4.063509806941425
899,2495, The Hebrew-Greek Key Word Study Bible: King James Version; Burgundy Bonded Leather, Book,4.275267071298973
900,1017, History of the DC Universe, Book,4.156401175500757
901,544, Masks of the World, Book,4.049956664896356
902,2120, Chinese Cooking For Beginners / Cocina China Para Principiantes, Book,4.101094277728033
903,1747, Be Aware of Scorpions, Music,4.826970505295074
904,765, Lanechange, Music,4.640113564864263
905,2609, Wake Me When It's Funny: How to Break into Show Business and Stay There, Book,4.09161338561656
906,1106," Healthy Massage, Part 3: The Legs and Feet", Video,4.463528452638987
907,2369, From the Files of Madison Finn: Play it Again - Book #3 (From the Files of Madison Finn), Book,4.02419387055157
908,999, Insights to Performance Excellence 2001: An Inside Look at the 2001 Baldridge Award Criteria, Book,4.033046956045112
909,1643, Breaking Free : A Prescription for Personal and Organizational Change (Jossey-Bass Business & Management Series), Book,4.1035141799810315
910,1637, The Playaz Court, DVD,3.859970768755531
911,2167, Medieval Decorative Ornament (Dover Pictorial Archive Series), Book,4.244674521659466
912,774, Ceol More, Music,4.1086957182220765
913,33," Double Jeopardy (T*Witches, 6)", Book,3.7400133693882878
914,2220, Heterosexual Plots and Lesbian Narratives (The Cutting Edge : Lesbian Life and Literature), Book,4.227951185264816
915,1419, Snowboarding Experts: Freeriding--Race--Freestyle, Book,3.9525682444418058
916,2639, Anatomy: A Regional Atlas of the Human Body, Book,4.213244152495387
917,2180, Microbranding: Build a Powerful Personal Brand and Beat Your Compe, Book,4.143386835264126
918,444," I Hate Stanford: 303 Reasons Why You Should, Too (I Hate...)", Book,4.163126706073115
919,327, Do It Yourself! Credit Repair (E-Z Legal Guide), Book,4.163723369949027
920,1988, The Official Dick Van Dyke Show Book, Book,4.050630450794211
921,1332, Words Were Originally Magic, Book,4.122049364087779
922,2169, The Secret Garden (Bantam Classic), Book,4.223774598331094
923,462, Because of Jesus, Book,4.064241375280712
924,1482," Rafaello'S Mistress (Harlequin Presents, No. 2217)", Book,4.067377512496014
925,2229, Danzig 4, Music,4.707896691942166
926,1120, Table Manners for Kids - Tots to Teens, Video,4.17356442152723
927,113, Jesus: A Life, Book,3.98999557654255
928,1264, Hitchhiker's Guide to Visual Basic and SQL Server, Book,4.097176324874974
929,2346, Thinking About the Baby: Gender and Transitions into Parenthood (Women in the Political Economy), Book,4.069947726949426
930,1456, Donde Jugaran Las Niñas?, Music,4.201279154695565
931,1519, Synthetic Division, Music,4.242684805143742
932,998," How to Write a Term Paper (A Speak Out, Write on! Book)", Book,3.7079844208309667
933,837, Desktop Digital Studio (Sound on Sound), Book,4.1596642928084115
934,1858, Hawai`i's Falsetto Returns, Music,4.4518976148059055
935,792, The Best of Paco De Lucia, Music,4.513590918779812
936,226, Presentimientos, Book,4.000075371940828
937,725, Soulful Christmas [Laserlight Box Set], Music,4.4809861353218015
938,1175, Did My First Mother Love Me?: A Story for an Adopted Child, Book,4.2048518768079495
939,1500," International Tables for Crystallography: Reciprocal Space, Vol. B (International Tables for Crystallography)", Book,3.552141463562906
940,1010, Barney - Barney's Adventure Bus/Imagination Island, Video,4.324659985098395
941,2470, Betty Crocker's Expressipes: 100 Great Recipes in 30 Minutes or Less (Betty Crocker Home Library), Book,4.110211623886482
942,2171," Fly Patterns of Umpqua Feather Merchants: The World's 1,500 Best Flies", Book,3.9558178808239175
943,1673, What If, Book,4.108218774255139
944,651," Film Editing: History, Theory and Practice : Looking at the Invisible", Book,4.051755102409677
945,1592, Operating System Concepts With Supplement, Book,4.0234143259974475
946,446, Audubon 365 Birds Page-A-Day Calendar 2002, Book,4.0723276857388795
947,2270, The AIDS-ET Connection, Book,4.0343660718072645
948,2381, Celtic Druids, Book,4.087705444114889
949,2614, Unspeakable Joy, Music,4.5913362540237
950,2573, Gel Candles : How to Make & Market Gel Candles That Sell Like Wildfire!, Book,4.195994437108946
951,1668, Whitney Houston - Greatest Hits, Video,4.089454384190367
952,258, Hosanna, Book,4.0614708872330985
953,794, Street Fighter III: Third Strike, Music,4.286638183203633
954,2487, I Just Shot Myself in the Foot Again, Music,4.759419457304793
955,1147, Turquoise Boy: A Navajo Legend (Native American Legends), Book,4.2193290079050145
956,2030, The Seekers : The Story of Man's Continuing Quest to Understand His World, Book,4.301814528235941
957,1698, Cyberspace Job Search Kit 2001-2002: The Complete Guide to Online Job Seeking and Career Information (Cyberspace Job Search Kit), Book,4.231025704847061
958,2172, Kalamazoo and Southwest Michigan: Golden Memories (Voices of America) (Voices of America), Book,3.999895413381898
959,1007, Campfire Tales of Jackson Hole, Book,4.032974523165488
960,2055," Long Life, Honey in the Heart: A Story of Initiation and Eloquence from the Shores of a Mayan Lake", Book,4.271585002914913
961,1862, Spartacus - Criterion Collection, DVD,3.7733188949684298
962,722, American Government: The Essentials, Book,3.8706975219856368
963,2018, Urinary & Fecal Incontinence: Nursing Management, Book,4.109158641574357
964,1686, Roy Buchanan: American Axe, Book,4.049903237724873
965,2101, Crucial Decisions, Book,4.2514629146795535
966,438, One Hundred Years of Solitude (Everyman's Library (Cloth)), Book,3.9304831641593454
967,2446, Learn Library of Congress Classification, Book,4.163992328318622
968,315, Resurrection and Moral Order: An Outline for Evangelical Ethics, Book,4.091073981059614
969,2282, Johnny Mnemonic (Superbit Collection), DVD,3.891994840787015
970,1251, Strange Skies: Pilot Encounters With Ufos, Book,4.14207099576763
971,1805, Asian Traditions Modern Expressions, Book,4.1287963695904555
972,212, Fiber-Optic Communication Systems, Book,3.931138304506609
973,2574, Plato: Apology, Book,4.087650741936588
974,2139, The Enchanted Unicorn (Wanderer Sticker Book), Book,4.193094257199232
975,122, Cocktail Hour: Lena Horne, Music,4.603671600665496
976,2151, Fields of Dreams: A Guide to Visiting and Enjoying All 30 Major League Ballparks, Book,4.1994076148911
977,2258, Todos Sus Exitos, Music,4.431905647588788
978,813, Ready-to-Go Reproducibles: Standardized Test Skill Builders for Math (Grades 3-4), Book,4.1312762305072885
979,2628, Python and Tkinter Programming, Book,4.066030842682754
980,2311, Internationalization and Localization Using Microsoft .NET, Book,4.056648701559827
981,2240, Paul Schoenfield's Cafe Music, Music,4.593035636313856
982,1331, Lindberg & Friends Play Lindberg, Music,4.425411394010816
983,213, Running, Music,4.331574684504912
984,232, Review of Veterinary Physiology (The Quick Look Series in Veterinary Medicine), Book,3.878451106755726
985,1402, The World of Rosamunde Pilcher, Book,3.9339605371149786
986,1714, The Best Quilts from Thimbleberries: A Collection of 50 Charming Country Quilts and Decorative Accessories, Book,4.203343558427571
987,455, The Gift of Game, Music,4.24122823385869
988,2288, The Tilted Arc Controversy: Dangerous Precedent?, Book,4.047974864592291
989,1917, SQL Server 2000 Backup and Recovery, Book,3.6402233889275903
990,1709, Legend of the Wolf, Music,4.613935857648368
991,1083," Eat, Drink, & Be Merry : America's Doctor Tells You Why The Health Experts Are Wrong", Book,4.1008536603859325
992,793, Faded Coat of Blue : A Novel (Abel Jones Mysteries (Paperback)), Book,4.11977890773151
993,1690, Independent Travellers Greek Island Hopping 2002: The Budget Travel Guide, Book,4.1434847082208925
994,2560, Profile of a Writer: Marquez - Tales Beyond Solitude, Video,4.2539529557902105
995,1097, Ahma, Music,4.296037466055241
996,1393, Loney Planet Chicago City Map (City Maps Series), Book,4.194750612535141
997,643, Swell Style : A Girl's Guide to Turning Heads (Swell Little Books), Book,3.9121048473181483
998,976, Dark Continent : Europe's Twentieth Century, Book,3.4961925485111913
999,961, Choice and Consequence, Book,4.079938273198964
